<?xml version="1.0" encoding="UTF-8"?>
<jcr:root xmlns:sling="http://sling.apache.org/jcr/sling/1.0" xmlns:cq="http://www.day.com/jcr/cq/1.0" xmlns:jcr="http://www.jcp.org/jcr/1.0" xmlns:nt="http://www.jcp.org/jcr/nt/1.0"
    jcr:primaryType="cq:Page">
    <jcr:content
        cq:lastModified="{Date}2017-02-23T13:17:50.008-05:00"
        cq:lastModifiedBy="admin"
        cq:targetPath="/content/entities"
        jcr:primaryType="cq:PageContent"
        sling:resourceType="wcm/scaffolding/components/scaffolding"
        dataTypesConfig="/mnt/overlay/settings/mobileapps/models/formbuilderconfig/datatypes">
        <cq:dialog
            jcr:primaryType="nt:unstructured"
            sling:resourceType="cq/gui/components/authoring/dialog">
            <content
                jcr:primaryType="nt:unstructured"
                sling:resourceType="granite/ui/components/coral/foundation/fixedcolumns"
                margin="{Boolean}true"
                maximized="{Boolean}true">
                <items jcr:primaryType="nt:unstructured">
                    <col1
                        jcr:primaryType="nt:unstructured"
                        sling:resourceType="granite/ui/components/coral/foundation/container">
                        <items jcr:primaryType="nt:unstructured">
                            <_x0031_484506951309
                                jcr:primaryType="nt:unstructured"
                                sling:resourceType="mobileapps/caas/components/form/contentreference"
                                fieldDescription="A reference to an ingredient entity"
                                fieldLabel="Ingredient"
                                filter="hierarchy"
                                metaType="reference"
                                name="ingredient/contentReference"
                                namePrefix="ingredient"
                                nameSuffix="contentReference"
                                renderReadOnly="false"
                                required="true"
                                rootPath="/content/entities/ingredients"
                                showEmptyInReadOnly="true"/>
                            <_x0031_484506921878
                                jcr:primaryType="nt:unstructured"
                                sling:resourceType="granite/ui/components/coral/foundation/form/textfield"
                                fieldDescription="The amount of the ingredient"
                                fieldLabel="Amount"
                                maxlength="100"
                                metaType="string"
                                name="amount"
                                renderReadOnly="false"
                                required="true"
                                showEmptyInReadOnly="true"/>
                        </items>
                    </col1>
                    <col2
                        jcr:primaryType="nt:unstructured"
                        sling:resourceType="granite/ui/components/coral/foundation/container"/>
                    <col3
                        jcr:primaryType="nt:unstructured"
                        sling:resourceType="granite/ui/components/coral/foundation/container"/>
                </items>
            </content>
        </cq:dialog>
    </jcr:content>
</jcr:root>
