<?xml version="1.0" encoding="UTF-8"?>
<jcr:root xmlns:dc="http://purl.org/dc/elements/1.1/" xmlns:sling="http://sling.apache.org/jcr/sling/1.0" xmlns:dam="http://www.day.com/dam/1.0" xmlns:cq="http://www.day.com/jcr/cq/1.0" xmlns:jcr="http://www.jcp.org/jcr/1.0" xmlns:mix="http://www.jcp.org/jcr/mix/1.0" xmlns:nt="http://www.jcp.org/jcr/nt/1.0"
    jcr:isCheckedOut="{Boolean}true"
    jcr:mixinTypes="[mix:referenceable,mix:versionable]"
    jcr:primaryType="dam:Asset"
    jcr:uuid="a2907b5c-528c-4c88-a184-7072254eab9e">
    <jcr:content
        cq:lastReplicated="{Date}2017-02-13T11:25:11.428-05:00"
        cq:lastReplicatedBy="admin"
        cq:lastReplicationAction="Activate"
        cq:name="community-involvement"
        cq:parentPath="/content/dam/we-mix/corporate"
        dam:assetState="processed"
        dam:relativePath="we-mix/corporate/community-involvement"
        jcr:description="By partnering with employees and local community groups We.Mix directs investments that support organizations in our own backyards."
        jcr:lastModified="{Date}2017-02-24T13:17:58.373-05:00"
        jcr:lastModifiedBy="admin"
        jcr:mixinTypes="[cq:ReplicationStatus]"
        jcr:primaryType="dam:AssetContent"
        jcr:title="Community Involvement"
        contentFragment="{Boolean}true"
        lastFragmentSave="{Date}2017-02-10T19:17:55.710-05:00">
        <associated
            jcr:primaryType="nt:unstructured"
            sling:resourceType="sling/collection">
            <sling:members jcr:primaryType="nt:unstructured"/>
        </associated>
        <metadata
            dam:extracted="{Date}2017-02-24T13:17:58.321-05:00"
            dam:sha1="c7113f143b59826b80d25e4694f35ca8406598e5"
            dam:size="{Long}897"
            dc:format="text/html"
            dc:modified="{Date}2017-02-20T00:07:56.576-05:00"
            jcr:lastModified="{Date}2017-02-24T13:17:49.393-05:00"
            jcr:lastModifiedBy="admin"
            jcr:mixinTypes="[cq:Taggable]"
            jcr:primaryType="nt:unstructured"/>
        <model
            jcr:description="A simple fragment, containing one single element and no predefined variations"
            jcr:primaryType="nt:unstructured"
            jcr:title="Simple Fragment"
            precreateElements="{Boolean}true"
            version="{Long}2">
            <elements jcr:primaryType="nt:unstructured">
                <main
                    jcr:primaryType="nt:unstructured"
                    jcr:title="Main"
                    defaultContent=""
                    name="main"/>
            </elements>
        </model>
        <related jcr:primaryType="nt:unstructured"/>
        <usages
            dam:score="{Long}1"
            jcr:primaryType="nt:unstructured"
            usedBy="[aem]">
            <aem
                jcr:primaryType="nt:unstructured"
                count="{Long}1"
                lastUsed="{Date}2017-02-10T19:23:00.574-05:00"/>
        </usages>
    </jcr:content>
</jcr:root>
