<?xml version="1.0" encoding="UTF-8"?>
<jcr:root xmlns:dc="http://purl.org/dc/elements/1.1/" xmlns:sling="http://sling.apache.org/jcr/sling/1.0" xmlns:dam="http://www.day.com/dam/1.0" xmlns:cq="http://www.day.com/jcr/cq/1.0" xmlns:jcr="http://www.jcp.org/jcr/1.0" xmlns:mix="http://www.jcp.org/jcr/mix/1.0" xmlns:nt="http://www.jcp.org/jcr/nt/1.0"
    jcr:isCheckedOut="{Boolean}true"
    jcr:mixinTypes="[mix:referenceable,mix:versionable]"
    jcr:primaryType="dam:Asset"
    jcr:uuid="a63076ad-fe7d-4f0c-a353-cee30a56b467">
    <jcr:content
        cq:lastReplicated="{Date}2017-02-13T11:25:11.428-05:00"
        cq:lastReplicatedBy="admin"
        cq:lastReplicationAction="Activate"
        cq:name="heritage"
        cq:parentPath="/content/dam/we-mix/corporate"
        dam:assetState="processed"
        dam:relativePath="we-mix/corporate/heritage"
        jcr:description=""
        jcr:lastModified="{Date}2017-02-24T13:18:01.376-05:00"
        jcr:lastModifiedBy="admin"
        jcr:mixinTypes="[cq:ReplicationStatus]"
        jcr:primaryType="dam:AssetContent"
        jcr:title="Heritage"
        contentFragment="{Boolean}true"
        lastFragmentSave="{Date}2017-02-10T20:14:10.060-05:00">
        <associated
            jcr:primaryType="nt:unstructured"
            sling:resourceType="sling/collection">
            <sling:members jcr:primaryType="nt:unstructured"/>
        </associated>
        <metadata
            dam:extracted="{Date}2017-02-24T13:18:01.192-05:00"
            dam:sha1="5369aba160d0bb2a24d85aa23398b6be0ceaa2e8"
            dam:size="{Long}552"
            dc:format="text/html"
            dc:modified="{Date}2017-02-20T00:07:57.910-05:00"
            jcr:lastModified="{Date}2017-02-24T13:17:54.353-05:00"
            jcr:lastModifiedBy="admin"
            jcr:mixinTypes="[cq:Taggable]"
            jcr:primaryType="nt:unstructured"/>
        <model
            jcr:description="A simple fragment, containing one single element and no predefined variations"
            jcr:primaryType="nt:unstructured"
            jcr:title="Simple Fragment"
            precreateElements="{Boolean}true"
            version="{Long}2">
            <elements jcr:primaryType="nt:unstructured">
                <main
                    jcr:primaryType="nt:unstructured"
                    jcr:title="Main"
                    defaultContent=""
                    name="main"/>
            </elements>
        </model>
        <related jcr:primaryType="nt:unstructured"/>
        <usages
            dam:score="{Long}1"
            jcr:primaryType="nt:unstructured"
            usedBy="[aem]">
            <aem
                jcr:primaryType="nt:unstructured"
                count="{Long}1"
                lastUsed="{Date}2017-02-10T20:15:33.191-05:00"/>
        </usages>
    </jcr:content>
</jcr:root>
