<?xml version="1.0" encoding="UTF-8"?>
<jcr:root xmlns:sling="http://sling.apache.org/jcr/sling/1.0" xmlns:granite="http://www.adobe.com/jcr/granite/1.0" xmlns:cq="http://www.day.com/jcr/cq/1.0" xmlns:jcr="http://www.jcp.org/jcr/1.0" xmlns:nt="http://www.jcp.org/jcr/nt/1.0"
    jcr:primaryType="nt:unstructured"
    jcr:title="List"
    sling:resourceType="cq/gui/components/authoring/dialog"
    helpPath="http://www.adobe.com/go/aem6_1_docs_component_en#List - HTL">
    <content
        granite:class="core-wcm-list-v1"
        jcr:primaryType="nt:unstructured"
        sling:resourceType="granite/ui/components/coral/foundation/container">
        <items jcr:primaryType="nt:unstructured">
            <settings
                jcr:primaryType="nt:unstructured"
                jcr:title="Settings"
                sling:resourceType="granite/ui/components/coral/foundation/fixedcolumns"
                margin="{Boolean}false">
                <items jcr:primaryType="nt:unstructured">
                    <columns
                        jcr:primaryType="nt:unstructured"
                        sling:resourceType="granite/ui/components/coral/foundation/container">
                        <items jcr:primaryType="nt:unstructured">
                            <displayAs
                                jcr:primaryType="nt:unstructured"
                                sling:resourceType="granite/ui/components/coral/foundation/form/select"
                                fieldLabel="Display as"
                                name="./displayAs">
                                <items jcr:primaryType="nt:unstructured">
                                    <links
                                        jcr:primaryType="nt:unstructured"
                                        text="Links"
                                        value="default"/>
                                    <teaser
                                        jcr:primaryType="nt:unstructured"
                                        text="Teasers"
                                        value="teaser"/>
                                    <news
                                        jcr:primaryType="nt:unstructured"
                                        text="News"
                                        value="news"/>
                                </items>
                            </displayAs>
                        </items>
                    </columns>
                </items>
            </settings>
        </items>
    </content>
</jcr:root>
