<?xml version="1.0" encoding="UTF-8"?>
<jcr:root xmlns:dc="http://purl.org/dc/elements/1.1/" xmlns:sling="http://sling.apache.org/jcr/sling/1.0" xmlns:dam="http://www.day.com/dam/1.0" xmlns:cq="http://www.day.com/jcr/cq/1.0" xmlns:jcr="http://www.jcp.org/jcr/1.0" xmlns:mix="http://www.jcp.org/jcr/mix/1.0" xmlns:nt="http://www.jcp.org/jcr/nt/1.0"
    jcr:isCheckedOut="{Boolean}true"
    jcr:mixinTypes="[mix:referenceable,mix:versionable]"
    jcr:primaryType="dam:Asset"
    jcr:uuid="1a4d702c-a718-49fc-9822-edc0be949e20">
    <jcr:content
        cq:name="placeholder-fragment"
        cq:parentPath="/content/dam/we-mix/corporate"
        dam:assetState="processed"
        dam:relativePath="we-mix/corporate/placeholder-fragment"
        jcr:description=""
        jcr:lastModified="{Date}2017-02-24T13:18:11.943-05:00"
        jcr:lastModifiedBy="admin"
        jcr:primaryType="dam:AssetContent"
        jcr:title="Placeholder Fragment"
        contentFragment="{Boolean}true"
        lastFragmentSave="{Date}2017-02-22T21:44:26.552-05:00">
        <associated
            jcr:primaryType="nt:unstructured"
            sling:resourceType="sling/collection">
            <sling:members jcr:primaryType="nt:unstructured"/>
        </associated>
        <metadata
            dam:extracted="{Date}2017-02-24T13:18:11.770-05:00"
            dam:sha1="91393ef92c4758ccdd68ae5a5211d032f38d3e3e"
            dam:size="{Long}2909"
            dc:format="text/html"
            dc:modified="{Date}2017-02-24T13:18:08.708-05:00"
            jcr:lastModified="{Date}2017-02-24T13:18:08.708-05:00"
            jcr:lastModifiedBy="admin"
            jcr:mixinTypes="[cq:Taggable]"
            jcr:primaryType="nt:unstructured"/>
        <model
            jcr:description="A simple fragment, containing one single element and no predefined variations"
            jcr:primaryType="nt:unstructured"
            jcr:title="Simple Fragment"
            precreateElements="{Boolean}true"
            version="{Long}2">
            <elements jcr:primaryType="nt:unstructured">
                <main
                    jcr:primaryType="nt:unstructured"
                    jcr:title="Main"
                    defaultContent=""
                    name="main"/>
            </elements>
        </model>
        <related jcr:primaryType="nt:unstructured"/>
        <usages
            dam:score="{Long}1"
            jcr:primaryType="nt:unstructured"
            usedBy="[aem]">
            <aem
                jcr:primaryType="nt:unstructured"
                count="{Long}1"
                lastUsed="{Date}2017-02-22T21:45:25.710-05:00"/>
        </usages>
    </jcr:content>
</jcr:root>
